IMIĘ;NAZWISKO;TELEFON;ADRES_MAIL;TELEFON_ALA
ANTONI;NOWAK;484336965;ANTONI$NOWAK85@wp.pl;199690892
JAKUB;KOWALSKI;534321170;JAKUB.KOWALSKI13@gmail.com;532069929
JAN;WIŚNIEWSKI;972216546;JAN_WIŚNIEWSKI72@wp.pl;814934325
SZYMON;WÓJCIK;606183452;SZYMON$WÓJCIK63@wp.pl;840020408
ALEKSANDER;KOWALCZYK;738221257;ALEKSANDER_KOWALCZYK98@gmail.com;875981833
FRANCISZEK;KAMIŃSKI;285727776;FRANCISZEK.KAMIŃSKI45@gmail.com;312820058
FILIP;LEWANDOWSKI;611423440;FILIP_LEWANDOWSKI23@gmail.com;269311267
WOJCIECH;ZIELIŃSKI;292461913;WOJCIECH.ZIELIŃSKI89@wp.pl;293318175
MIKOŁAJ;WOŹNIAK;349875496;MIKOŁAJ_WOŹNIAK66@wp.pl;530851082
KACPER;SZYMAŃSKI;754586632;KACPER.SZYMAŃSKI68@gmail.com;773337011
ADAM;DĄBROWSKI;817606448;ADAM.DĄBROWSKI85@outlook.com;942123256
STANISŁAW;KOZŁOWSKI;147908433;STANISŁAW$KOZŁOWSKI74@wp.pl;995826923
MARCEL;MAZUR;396986667;MARCEL_MAZUR84@outlook.com;182890205
MICHAŁ;JANKOWSKI;956520123;MICHAŁ_JANKOWSKI91@gmail.com;352768522
LEON;KWIATKOWSKI;744383850;LEON_KWIATKOWSKI60@outlook.com;845672363
NIKODEM;WOJCIECHOWSKI;270614789;NIKODEM.WOJCIECHOWSKI76@wp.pl;576962103
IGNACY;KRAWCZYK;845170536;IGNACY_KRAWCZYK5@gmail.com;674615053
WIKTOR;KACZMAREK;823282565;WIKTOR.KACZMAREK91@outlook.com;390825999
TYMON;PIOTROWSKI;791986074;TYMON$PIOTROWSKI29@gmail.com;502536095
IGOR;GRABOWSKI;957468987;IGOR$GRABOWSKI16@outlook.com;934704281
PIOTR;ZAJĄC;680275445;PIOTR_ZAJĄC47@outlook.com;471743678
OLIWIER;PAWŁOWSKI;538306648;OLIWIER_PAWŁOWSKI19@wp.pl;674121851
MAKSYMILIAN;KRÓL;916845269;MAKSYMILIAN$KRÓL15@wp.pl;791810563
MIŁOSZ;MICHALSKI;324711576;MIŁOSZ_MICHALSKI75@outlook.com;561742160
BARTOSZ;WRÓBEL;235085038;BARTOSZ_WRÓBEL77@gmail.com;756575604
TYMOTEUSZ;WIECZOREK;415130672;TYMOTEUSZ$WIECZOREK62@outlook.com;324622235
MATEUSZ;JABŁOŃSKI;779050722;MATEUSZ.JABŁOŃSKI45@wp.pl;627834241
OSKAR;NOWAKOWSKI;790447579;OSKAR_NOWAKOWSKI36@wp.pl;158419779
DAWID;MAJEWSKI;522810394;DAWID.MAJEWSKI37@gmail.com;477861059
JULIAN;OLSZEWSKI;798566518;JULIAN_OLSZEWSKI80@wp.pl;646216519
KRZYSZTOF;DUDEK;972986895;KRZYSZTOF.DUDEK46@gmail.com;969005985
TOMASZ;JAWORSKI;404010468;TOMASZ$JAWORSKI55@gmail.com;286808876
ALAN;STĘPIEŃ;620442551;ALAN_STĘPIEŃ61@gmail.com;169819045
KAROL;MALINOWSKI;815415360;KAROL.MALINOWSKI13@wp.pl;411656823
DOMINIK;ADAMCZYK;980137431;DOMINIK_ADAMCZYK82@wp.pl;936111435
GABRIEL;GÓRSKI;698459817;GABRIEL$GÓRSKI74@outlook.com;833544367
HUBERT;PAWLAK;252281285;HUBERT$PAWLAK100@wp.pl;602374406
MACIEJ;SIKORA;957081611;MACIEJ_SIKORA2@gmail.com;802609646
FABIAN;NOWICKI;475584349;FABIAN.NOWICKI39@outlook.com;433378640
PAWEŁ;WITKOWSKI;125635290;PAWEŁ$WITKOWSKI39@outlook.com;109975152
BRUNO;RUTKOWSKI;545532032;BRUNO.RUTKOWSKI29@outlook.com;837362596
NATAN;WALCZAK;562302318;NATAN_WALCZAK93@wp.pl;515073488
BORYS;BARAN;462338333;BORYS$BARAN6@wp.pl;282066404
KAMIL;MICHALAK;914039434;KAMIL$MICHALAK85@gmail.com;859866012
KSAWERY;OSTROWSKI;788604396;KSAWERY.OSTROWSKI0@wp.pl;106590453
PATRYK;SZEWCZYK;351438089;PATRYK.SZEWCZYK18@outlook.com;102714545
BARTŁOMIEJ;TOMASZEWSKI;572116131;BARTŁOMIEJ$TOMASZEWSKI65@wp.pl;945216778
KAJETAN;ZALEWSKI;439773293;KAJETAN.ZALEWSKI100@gmail.com;855288314
ADRIAN;WRÓBLEWSKI;903830388;ADRIAN_WRÓBLEWSKI87@wp.pl;491916265
ARTUR;PIETRZAK;633837175;ARTUR.PIETRZAK52@gmail.com;302927730
SEBASTIAN;JASIŃSKI;886440508;SEBASTIAN$JASIŃSKI18@outlook.com;398286111
OLAF;DUDA;190332491;OLAF_DUDA38@wp.pl;977818324
KUBA;MARCINIAK;942677820;KUBA.MARCINIAK18@gmail.com;724526000
CEZARY;SADOWSKI;925904779;CEZARY_SADOWSKI27@wp.pl;517473356
GRZEGORZ;BĄK;711457317;GRZEGORZ$BĄK60@outlook.com;744379955
KRYSTIAN;ZAWADZKI;927240610;KRYSTIAN_ZAWADZKI81@outlook.com;190132455
TADEUSZ;JAKUBOWSKI;746664003;TADEUSZ$JAKUBOWSKI98@outlook.com;862094807
ERYK;WILK;704291208;ERYK$WILK35@wp.pl;640863756
WITOLD;CHMIELEWSKI;298923283;WITOLD.CHMIELEWSKI20@wp.pl;421028320
KORNEL;BORKOWSKI;802500442;KORNEL_BORKOWSKI8@gmail.com;133433415
DANIEL;WŁODARCZYK;284210344;DANIEL.WŁODARCZYK50@outlook.com;191299155
HENRYK;SOKOŁOWSKI;476582093;HENRYK_SOKOŁOWSKI77@outlook.com;312500549
ŁUKASZ;SZCZEPAŃSKI;530573919;ŁUKASZ.SZCZEPAŃSKI52@outlook.com;226317147
BŁAŻEJ;SAWICKI;420893419;BŁAŻEJ_SAWICKI89@gmail.com;380998370
JÓZEF;LIS;767531759;JÓZEF.LIS16@gmail.com;590788003
MARCIN;KUCHARSKI;993549851;MARCIN$KUCHARSKI71@wp.pl;679518388
JERZY;KALINOWSKI;537344022;JERZY$KALINOWSKI30@outlook.com;982701064
KAZIMIERZ;KUBIAK;700558510;KAZIMIERZ.KUBIAK17@gmail.com;909816723
EMIL;MACIEJEWSKI;926556128;EMIL_MACIEJEWSKI15@outlook.com;450493678
DAMIAN;KOŁODZIEJ;747709646;DAMIAN$KOŁODZIEJ56@outlook.com;919514384
ROBERT;KAŹMIERCZAK;732416571;ROBERT.KAŹMIERCZAK57@wp.pl;557379171
RAFAŁ;CZARNECKI;330931002;RAFAŁ_CZARNECKI36@outlook.com;622852121
TOBIASZ;KONIECZNY;797313574;TOBIASZ_KONIECZNY33@wp.pl;763156468
LEONARD;SOBCZAK;994228375;LEONARD$SOBCZAK65@outlook.com;330039122
TEODOR;KRUPA;783866330;TEODOR_KRUPA5@outlook.com;693019862
STEFAN;GŁOWACKI;147236007;STEFAN_GŁOWACKI63@outlook.com;402706832
MIESZKO;URBAŃSKI;738538202;MIESZKO.URBAŃSKI22@gmail.com;825307606
PRZEMYSŁAW;MRÓZ;556682404;PRZEMYSŁAW_MRÓZ18@outlook.com;917133479
KONSTANTY;KOZAK;633253179;KONSTANTY.KOZAK9@wp.pl;290246952
ALEKS;ZAKRZEWSKI;216336942;ALEKS$ZAKRZEWSKI74@wp.pl;372647364
RADOSŁAW;WASILEWSKI;815184371;RADOSŁAW.WASILEWSKI69@gmail.com;423493003
KONRAD;KRAJEWSKI;941782640;KONRAD_KRAJEWSKI52@wp.pl;303706424
RYSZARD;LASKOWSKI;314370340;RYSZARD$LASKOWSKI69@wp.pl;627785726
MAREK;SIKORSKI;444179504;MAREK_SIKORSKI85@wp.pl;564056699
GUSTAW;ZIÓŁKOWSKI;475837162;GUSTAW$ZIÓŁKOWSKI58@wp.pl;306103632
JULIUSZ;KACZMARCZYK;336237529;JULIUSZ.KACZMARCZYK48@outlook.com;597954128
GRACJAN;BRZEZIŃSKI;932730483;GRACJAN_BRZEZIŃSKI81@outlook.com;146099843
REMIGIUSZ;PRZYBYLSKI;868504615;REMIGIUSZ.PRZYBYLSKI73@gmail.com;930817313
ARKADIUSZ;KANIA;607338848;ARKADIUSZ_KANIA24@gmail.com;911176427
ANDRZEJ;SZYMCZAK;936021474;ANDRZEJ_SZYMCZAK86@wp.pl;397227094
FELIKS;JANIK;725192753;FELIKS$JANIK48@gmail.com;631474832
ALBERT;BOROWSKI;732323545;ALBERT.BOROWSKI6@wp.pl;102940950
JACEK;BŁASZCZYK;660096465;JACEK$BŁASZCZYK42@gmail.com;105064357
FLORIAN;GÓRECKI;194419439;FLORIAN_GÓRECKI32@wp.pl;652985312
JĘDRZEJ;KOZIOŁ;643531038;JĘDRZEJ_KOZIOŁ53@wp.pl;354764474
DORIAN;MUCHA;520323721;DORIAN_MUCHA36@wp.pl;324271908
LUDWIK;LESZCZYŃSKI;647786056;LUDWIK_LESZCZYŃSKI43@outlook.com;651164672
MAKSYM;LIPIŃSKI;995828942;MAKSYM$LIPIŃSKI57@wp.pl;735560260
SAMUEL;ANDRZEJEWSKI;275191812;SAMUEL.ANDRZEJEWSKI40@wp.pl;821951311
BRAJAN;KOWALEWSKI;124740721;BRAJAN$KOWALEWSKI17@outlook.com;345403728
SEWERYN;WESOŁOWSKI;103903314;SEWERYN$WESOŁOWSKI36@wp.pl;206446561
DARIUSZ;MIKOŁAJCZYK;391152767;DARIUSZ.MIKOŁAJCZYK100@gmail.com;140651855
LUCJAN;ZIĘBA;393568918;LUCJAN$ZIĘBA86@gmail.com;246176577
WŁADYSŁAW;JAROSZ;926601863;WŁADYSŁAW_JAROSZ67@outlook.com;347206610
EDWARD;CIEŚLAK;460602579;EDWARD_CIEŚLAK69@gmail.com;892263354
NORBERT;MARKOWSKI;442695227;NORBERT.MARKOWSKI43@gmail.com;409935568
FRYDERYK;MUSIAŁ;877977709;FRYDERYK$MUSIAŁ59@wp.pl;201236199
JEREMIASZ;KOŁODZIEJCZYK;492187678;JEREMIASZ$KOŁODZIEJCZYK89@outlook.com;486431589
ALEKSY;KOPEĆ;218281531;ALEKSY_KOPEĆ29@wp.pl;228296166
OLGIERD;BRZOZOWSKI;490821449;OLGIERD$BRZOZOWSKI79@wp.pl;803293604
BENIAMIN;ŻAK;622111629;BENIAMIN_ŻAK79@outlook.com;868771057
MARCELI;DOMAŃSKI;426087642;MARCELI.DOMAŃSKI41@wp.pl;635348603
MAURYCY;PAWLIK;501228072;MAURYCY$PAWLIK24@outlook.com;228438533
CYPRIAN;ORŁOWSKI;880870771;CYPRIAN.ORŁOWSKI6@gmail.com;390882935
SZCZEPAN;KUREK;406453181;SZCZEPAN$KUREK21@outlook.com;855980184
JOACHIM;KOT;245552192;JOACHIM_KOT68@outlook.com;785456921
ZUZANNA;NOWAK;584730065;ZUZANNA.NOWAK100@wp.pl;183852467
JULIA;KOWALSKA;362697657;JULIA_KOWALSKA7@outlook.com;466134840
MAJA;WIŚNIEWSKA;563127489;MAJA.WIŚNIEWSKA41@wp.pl;601871126
ZOFIA;WÓJCIK;102566410;ZOFIA_WÓJCIK35@wp.pl;325848843
HANNA;KOWALCZYK;760898998;HANNA_KOWALCZYK81@gmail.com;381617678
LENA;KAMIŃSKA;369472073;LENA.KAMIŃSKA6@outlook.com;868497432
MARIA;LEWANDOWSKA;499039021;MARIA_LEWANDOWSKA39@gmail.com;286713262
ALICJA;ZIELIŃSKA;833248629;ALICJA$ZIELIŃSKA86@outlook.com;976885452
AMELIA;SZYMAŃSKA;249860426;AMELIA_SZYMAŃSKA35@wp.pl;204696787
OLIWIA;DĄBROWSKA;212841823;OLIWIA.DĄBROWSKA31@outlook.com;446046066
ALEKSANDRA;WOŹNIAK;471221435;ALEKSANDRA.WOŹNIAK27@wp.pl;921685985
WIKTORIA;KOZŁOWSKA;292673296;WIKTORIA.KOZŁOWSKA95@gmail.com;258797720
ANTONINA;MAZUR;965644909;ANTONINA_MAZUR52@gmail.com;715694103
EMILIA;JANKOWSKA;449037901;EMILIA$JANKOWSKA4@outlook.com;634154498
LAURA;KWIATKOWSKA;544785252;LAURA$KWIATKOWSKA43@outlook.com;654804996
POLA;WOJCIECHOWSKA;585167803;POLA.WOJCIECHOWSKA30@gmail.com;989793410
NATALIA;KRAWCZYK;224386435;NATALIA.KRAWCZYK9@gmail.com;715154406
MARCELINA;KACZMAREK;693229123;MARCELINA.KACZMAREK79@outlook.com;786064560
LILIANA;PIOTROWSKA;377715410;LILIANA.PIOTROWSKA8@outlook.com;793598107
IGA;GRABOWSKA;668802892;IGA.GRABOWSKA16@wp.pl;283448607
HELENA;PAWŁOWSKA;629204263;HELENA_PAWŁOWSKA82@gmail.com;439071305
MICHALINA;MICHALSKA;143608596;MICHALINA$MICHALSKA47@wp.pl;895362382
GABRIELA;KRÓL;513180507;GABRIELA.KRÓL98@wp.pl;384139380
NADIA;ZAJĄC;339504258;NADIA.ZAJĄC60@outlook.com;376824703
ANNA;WIECZOREK;275403229;ANNA.WIECZOREK28@wp.pl;950754633
KORNELIA;JABŁOŃSKA;146775045;KORNELIA$JABŁOŃSKA76@gmail.com;774329181
KLARA;WRÓBEL;517638526;KLARA$WRÓBEL33@wp.pl;105909224
MILENA;NOWAKOWSKA;495184707;MILENA$NOWAKOWSKA13@gmail.com;692476414
MARTYNA;MAJEWSKA;716831653;MARTYNA_MAJEWSKA53@wp.pl;616635824
JAGODA;OLSZEWSKA;936239079;JAGODA$OLSZEWSKA96@gmail.com;252296888
ŁUCJA;JAWORSKA;585781717;ŁUCJA.JAWORSKA29@outlook.com;465140822
NIKOLA;ADAMCZYK;409742858;NIKOLA$ADAMCZYK25@outlook.com;537749912
KAJA;MALINOWSKA;702034850;KAJA.MALINOWSKA80@wp.pl;559070115
NELA;STĘPIEŃ;475274340;NELA_STĘPIEŃ76@gmail.com;677727295
BLANKA;DUDEK;661439520;BLANKA.DUDEK60@wp.pl;422129496
WERONIKA;GÓRSKA;424964645;WERONIKA_GÓRSKA12@wp.pl;684765483
BARBARA;NOWICKA;345521806;BARBARA_NOWICKA12@wp.pl;276244008
AGATA;WITKOWSKA;166345640;AGATA.WITKOWSKA17@gmail.com;573486160
KAROLINA;PAWLAK;781380953;KAROLINA.PAWLAK71@outlook.com;871500358
ANASTAZJA;SIKORA;248306893;ANASTAZJA_SIKORA45@gmail.com;333916516
NINA;WALCZAK;819833431;NINA_WALCZAK24@wp.pl;528070801
LILIANNA;RUTKOWSKA;750271883;LILIANNA_RUTKOWSKA81@outlook.com;752816601
MAGDALENA;MICHALAK;726225953;MAGDALENA$MICHALAK49@wp.pl;826028835
MATYLDA;SZEWCZYK;874399626;MATYLDA_SZEWCZYK87@wp.pl;761945297
KINGA;OSTROWSKA;563728342;KINGA$OSTROWSKA29@outlook.com;841732311
SARA;BARAN;564359038;SARA_BARAN17@gmail.com;708983514
ANIELA;TOMASZEWSKA;347238707;ANIELA.TOMASZEWSKA21@gmail.com;170866497
RÓŻA;ZALEWSKA;725756225;RÓŻA.ZALEWSKA3@outlook.com;857017624
KALINA;PIETRZAK;550006396;KALINA_PIETRZAK5@wp.pl;614223479
IZABELA;JASIŃSKA;854487038;IZABELA$JASIŃSKA60@wp.pl;996814948
MAŁGORZATA;MARCINIAK;661097584;MAŁGORZATA.MARCINIAK51@wp.pl;129789841
JOANNA;SADOWSKA;801690569;JOANNA$SADOWSKA0@gmail.com;441627667
PAULINA;JAKUBOWSKA;680032537;PAULINA_JAKUBOWSKA60@gmail.com;422733634
ADRIANNA;ZAWADZKA;183345274;ADRIANNA$ZAWADZKA5@gmail.com;342030189
KATARZYNA;DUDA;872042843;KATARZYNA.DUDA51@outlook.com;125339767
ROZALIA;WŁODARCZYK;949644720;ROZALIA.WŁODARCZYK92@outlook.com;154470717
ELIZA;CHMIELEWSKA;719368547;ELIZA_CHMIELEWSKA91@wp.pl;518360706
EWA;BORKOWSKA;865601131;EWA.BORKOWSKA94@gmail.com;259598534
MARIANNA;BĄK;263378845;MARIANNA$BĄK43@outlook.com;478341793
URSZULA;WILK;381370187;URSZULA$WILK0@wp.pl;791245477
LIDIA;SOKOŁOWSKA;805662780;LIDIA.SOKOŁOWSKA95@outlook.com;454455004
MARTA;SZCZEPAŃSKA;602029843;MARTA$SZCZEPAŃSKA52@gmail.com;903029565
MELANIA;SAWICKA;125272690;MELANIA.SAWICKA32@outlook.com;975425348
PATRYCJA;LIS;489184903;PATRYCJA_LIS69@wp.pl;715462524
DOMINIKA;KUCHARSKA;815792732;DOMINIKA.KUCHARSKA96@outlook.com;637042281
AURELIA;KALINOWSKA;999986481;AURELIA_KALINOWSKA72@outlook.com;258386327
KLAUDIA;MACIEJEWSKA;304719436;KLAUDIA_MACIEJEWSKA58@outlook.com;272431233
MALWINA;KUBIAK;454967580;MALWINA$KUBIAK20@wp.pl;285492075
OLGA;WYSOCKA;758911628;OLGA.WYSOCKA96@outlook.com;939894103
ZOJA;KOŁODZIEJ;248576193;ZOJA$KOŁODZIEJ99@wp.pl;105573507
DOROTA;KAŹMIERCZAK;195623765;DOROTA.KAŹMIERCZAK39@gmail.com;763808435
KAMILA;KRUPA;387149368;KAMILA$KRUPA20@gmail.com;614225492
DARIA;SIKORSKA;762053398;DARIA_SIKORSKA64@outlook.com;635472627
WANDA;SOBCZAK;748300057;WANDA.SOBCZAK24@gmail.com;647092746
ADA;KRAJEWSKA;865871208;ADA_KRAJEWSKA91@gmail.com;287124381
MARIKA;GŁOWACKA;268913013;MARIKA_GŁOWACKA25@gmail.com;476634668
APOLONIA;ZAKRZEWSKA;643430869;APOLONIA$ZAKRZEWSKA54@gmail.com;575990144
ELENA;WASILEWSKA;806147454;ELENA.WASILEWSKA2@gmail.com;878377782
JAGNA;ZIÓŁKOWSKA;974737430;JAGNA_ZIÓŁKOWSKA16@wp.pl;598421091
IDA;LASKOWSKA;324316380;IDA$LASKOWSKA30@outlook.com;179213817
ROKSANA;KOZAK;919742656;ROKSANA$KOZAK24@wp.pl;154171631
DAGMARA;GAJEWSKA;514052442;DAGMARA_GAJEWSKA36@wp.pl;878626355
DIANA;SZULC;390497784;DIANA.SZULC17@gmail.com;802697885
AGNIESZKA;MRÓZ;100681715;AGNIESZKA.MRÓZ65@gmail.com;210126358
SANDRA;MAKOWSKA;913550718;SANDRA_MAKOWSKA7@outlook.com;391284216
STEFANIA;BRZEZIŃSKA;615112863;STEFANIA$BRZEZIŃSKA17@outlook.com;225320964
INGA;KACZMARCZYK;533400492;INGA_KACZMARCZYK36@outlook.com;948659239
JADWIGA;BARANOWSKA;633410761;JADWIGA$BARANOWSKA33@gmail.com;282173608
NATASZA;GÓRECKA;378845865;NATASZA$GÓRECKA15@outlook.com;111135788
MONIKA;KANIA;495809870;MONIKA_KANIA64@wp.pl;451182484
JULITA;SZCZEPANIAK;993702976;JULITA$SZCZEPANIAK78@outlook.com;163437997
JANINA;JANIK;825177442;JANINA.JANIK53@wp.pl;818503270
ADELA;LESZCZYŃSKA;611328641;ADELA_LESZCZYŃSKA60@outlook.com;235185767
JOWITA;CZERWIŃSKA;123011852;JOWITA$CZERWIŃSKA34@outlook.com;293223178
LUIZA;CHOJNACKA;357433892;LUIZA$CHOJNACKA6@gmail.com;276517877
MARLENA;LIPIŃSKA;540072901;MARLENA_LIPIŃSKA97@outlook.com;998157512
ELŻBIETA;WESOŁOWSKA;428038588;ELŻBIETA$WESOŁOWSKA44@gmail.com;119377036
KARINA;MUCHA;490972604;KARINA$MUCHA58@outlook.com;702503145
CELINA;CIEŚLAK;326524118;CELINA$CIEŚLAK97@wp.pl;137775552
JUSTYNA;ZIĘBA;570259987;JUSTYNA.ZIĘBA41@gmail.com;308335020
ALINA;KONIECZNA;588007337;ALINA_KONIECZNA45@gmail.com;560858185
SONIA;KOWALIK;248635071;SONIA_KOWALIK45@wp.pl;669818357
SOFIA;KOŁODZIEJCZYK;992407330;SOFIA.KOŁODZIEJCZYK54@gmail.com;748029822
FELICJA;KOZIOŁ;900251500;FELICJA_KOZIOŁ70@wp.pl;539670085
IZABELLA;MUSIAŁ;995130777;IZABELLA.MUSIAŁ15@gmail.com;745740705
EWELINA;BRZOZOWSKA;345372834;EWELINA$BRZOZOWSKA17@gmail.com;922749321
ANITA;DOMAŃSKA;356302319;ANITA_DOMAŃSKA17@wp.pl;517689681
ESTERA;ORŁOWSKA;780715547;ESTERA_ORŁOWSKA72@wp.pl;454408882
JAŚMINA;TOMCZYK;814644520;JAŚMINA$TOMCZYK62@wp.pl;956843948
KONSTANCJA;PAWLIK;542684053;KONSTANCJA$PAWLIK56@wp.pl;805604880
JULIANNA;PIĄTEK;749640404;JULIANNA_PIĄTEK69@outlook.com;960899940
PAULA;NOWACKA;401192116;PAULA$NOWACKA47@gmail.com;855989958
SABINA;KRUK;525700309;SABINA$KRUK10@outlook.com;413611720
KRYSTYNA;KOPEĆ;857772364;KRYSTYNA$KOPEĆ0@wp.pl;246840551
FAUSTYNA;TOMCZAK;179558936;FAUSTYNA$TOMCZAK73@wp.pl;824335248
ŻANETA;KUREK;638514058;ŻANETA.KUREK23@outlook.com;492219836
